{"cameraMode":{"drawMode":2,"name":"Shaded Wireframe","section":"Shading Mode"},"sceneLighting":true,"audioPlay":false,"sceneViewState":{"showFog":false,"showMaterialUpdate":false,"showSkybox":true,"showFlares":false,"showImageEffects":false,"showParticleSystems":false},"in2DMode":false,"pivot":{"x":0.03068492002785206,"y":-0.0907987505197525,"z":0.05386370047926903},"rotation":{"x":-0.04378114268183708,"y":0.026069102808833123,"z":-0.0011451710015535355,"w":-0.9987040162086487},"size":0.7594029307365418,"orthographic":false}